[
    {
        "id": "C-1",
        "content": "Доступна Tesla Model S",
        "dateOfReceiving": "Mon Feb 08 2021 23:28:47 GMT+0200 (Eastern European Standard Time)"
    },
    {
        "id": "C-2",
        "content": "Доступна лошадь класса Мустанг",
        "dateOfReceiving": "Mon Feb 08 2021 23:28:47 GMT+0200 (Eastern European Standard Time)"
    },
    {
        "id": "C-3",
        "content": "Доступен ковер Алладина. В качестве топлива использует человеческую кровь.",
        "dateOfReceiving": "Mon Feb 08 2021 23:28:47 GMT+0200 (Eastern European Standard Time)"
    }
]