[
    {
        "id": "D-1",
        "content": "На шоссе 666 в магазинах скидка 30%",
        "dateOfReceiving": "Mon Feb 08 2021 23:28:47 GMT+0200 (Eastern European Standard Time)"
    },
    {
        "id": "D-2",
        "content": "На шоссе 123 в магазине Начинающий Бетономешает 50% скидка по промокоду СТАРТАП",
        "dateOfReceiving": "Mon Feb 08 2021 23:28:47 GMT+0200 (Eastern European Standard Time)"
    },
    {
        "id": "D-3",
        "content": "На рынке, который на шоссе 777, со вторника большие скидки на кожанные изделия",
        "dateOfReceiving": "Mon Feb 08 2021 23:28:47 GMT+0200 (Eastern European Standard Time)"
    }
]