[
    {
        "id": "N-1",
        "content": "Вчера на шоссе 666 был убит человек",
        "dateOfReceiving": "Mon Feb 08 2021 23:28:50 GMT+0200 (Eastern European Standard Time)"
    },
    {
        "id": "N-2",
        "content": "Сегодня утром на шоссе 123 была угнана бетономешалка",
        "dateOfReceiving": "Mon Feb 08 2021 23:28:50 GMT+0200 (Eastern European Standard Time)"
    },
    {
        "id": "N-3",
        "content": "В понедельник вечером на шоссе 777 было своершено сверское убийство. Полиция подозревает Алладина",
        "dateOfReceiving": "Mon Feb 08 2021 23:28:50 GMT+0200 (Eastern European Standard Time)"
    }
]