[
    {
        "userId": "uobAuoO",
        "visitCounts": 1
    },
    {
        "userId": "3XUSwhM",
        "visitCounts": 7
    },
    {
        "userId": "JCpRNOQ",
        "visitCounts": 1
    },
    {
        "userId": "FqPx0Ya",
        "visitCounts": 1
    },
    {
        "userId": "1NypBLy",
        "visitCounts": 1
    },
    {
        "userId": "1MOXZdw",
        "visitCounts": 5
    },
    {
        "userId": "HN3K0Fb",
        "visitCounts": 1
    },
    {
        "userId": "03SG0tF",
        "visitCounts": 1
    },
    {
        "userId": "8wJupEF",
        "visitCounts": 1
    },
    {
        "userId": "SKB61wW",
        "visitCounts": 1
    },
    {
        "userId": "ka45UIW",
        "visitCounts": 1
    },
    {
        "userId": "8gHvBb7",
        "visitCounts": 1
    },
    {
        "userId": "PNOyEQg",
        "visitCounts": 1
    },
    {
        "userId": "LW1sJel",
        "visitCounts": 1
    },
    {
        "userId": "vAGevwr",
        "visitCounts": 1
    },
    {
        "userId": "w0A9HTM",
        "visitCounts": 1
    },
    {
        "userId": "MiCdaT0",
        "visitCounts": 1
    },
    {
        "userId": "I6ap00q",
        "visitCounts": 1
    },
    {
        "userId": "Ab8Mhq1",
        "visitCounts": 1
    },
    {
        "userId": "C6d56F3",
        "visitCounts": 1
    },
    {
        "userId": "tw0FcNW",
        "visitCounts": 1
    },
    {
        "userId": "iAmVN3C",
        "visitCounts": 1
    },
    {
        "userId": "aa48vEp",
        "visitCounts": 1
    },
    {
        "userId": "QXXUt1z",
        "visitCounts": 1
    },
    {
        "userId": "hfs15K5",
        "visitCounts": 1
    },
    {
        "userId": "nh42VTh",
        "visitCounts": 1
    },
    {
        "userId": "74gWq80",
        "visitCounts": 1
    },
    {
        "userId": "ZAQWAn1",
        "visitCounts": 11
    },
    {
        "userId": "e6CfQtE",
        "visitCounts": 6
    },
    {
        "userId": "vaRCTJX",
        "visitCounts": 3
    },
    {
        "userId": "Ketkr8W",
        "visitCounts": 1
    },
    {
        "userId": "Mnfo0mJ",
        "visitCounts": 6
    },
    {
        "userId": "0nk43aO",
        "visitCounts": 2
    },
    {
        "userId": "gTLJ46l",
        "visitCounts": 3
    },
    {
        "userId": "n6Ajwmz",
        "visitCounts": 5
    },
    {
        "userId": "3f9X0UZ",
        "visitCounts": 5
    },
    {
        "userId": "AzdVWN0",
        "visitCounts": 1
    },
    {
        "userId": "UjTq0QX",
        "visitCounts": 8
    },
    {
        "userId": "Cg5y6dY",
        "visitCounts": 1
    },
    {
        "userId": "teWmaXv",
        "visitCounts": 2
    },
    {
        "userId": "HeTJxB4",
        "visitCounts": 4
    },
    {
        "userId": "q4gBD8p",
        "visitCounts": 9
    },
    {
        "userId": "UmhT95t",
        "visitCounts": 7
    },
    {
        "userId": "vNAkD7X",
        "visitCounts": 2
    },
    {
        "userId": "6PgljuZ",
        "visitCounts": 1
    },
    {
        "userId": "JETjS4p",
        "visitCounts": 1
    },
    {
        "userId": "p6PXNR6",
        "visitCounts": 27
    },
    {
        "userId": "DEUKje8",
        "visitCounts": 6
    },
    {
        "userId": "qiK1EH5",
        "visitCounts": 1
    },
    {
        "userId": "Jj8KOoG",
        "visitCounts": 10
    },
    {
        "userId": "jg59Sd6",
        "visitCounts": 38
    },
    {
        "userId": "j2Mim03",
        "visitCounts": 5
    },
    {
        "userId": "nyTKxpT",
        "visitCounts": 6
    },
    {
        "userId": "s5RtEw4",
        "visitCounts": 3
    },
    {
        "userId": "7wYiquQ",
        "visitCounts": 3
    },
    {
        "userId": "SI8yVjm",
        "visitCounts": 4
    },
    {
        "userId": "ezGrRBL",
        "visitCounts": 3
    },
    {
        "userId": "O9X88uv",
        "visitCounts": 6
    },
    {
        "userId": "BSnFEmO",
        "visitCounts": 3
    },
    {
        "userId": "kfGMddv",
        "visitCounts": 2
    },
    {
        "userId": "x9VSjf7",
        "visitCounts": 9
    },
    {
        "userId": "zT4fpce",
        "visitCounts": 12
    },
    {
        "userId": "M4sbA5t",
        "visitCounts": 3
    },
    {
        "userId": "VYINoVO",
        "visitCounts": 4
    },
    {
        "userId": "0fCtghY",
        "visitCounts": 5
    },
    {
        "userId": "NMz8kS9",
        "visitCounts": 3
    },
    {
        "userId": "dQYRopj",
        "visitCounts": 2
    },
    {
        "userId": "h1PAaZV",
        "visitCounts": 4
    },
    {
        "userId": "Pcu3BWZ",
        "visitCounts": 3
    },
    {
        "userId": "HxPmk1Z",
        "visitCounts": 3
    },
    {
        "userId": "aDAWpLM",
        "visitCounts": 2
    },
    {
        "userId": "VNzeXCB",
        "visitCounts": 1
    },
    {
        "userId": "xp6mZfY",
        "visitCounts": 1
    },
    {
        "userId": "pEPueaQ",
        "visitCounts": 16
    },
    {
        "userId": "HaEPHKr",
        "visitCounts": 9
    },
    {
        "userId": "fpvbwhy",
        "visitCounts": 1
    },
    {
        "userId": "0njerdc",
        "visitCounts": 20
    },
    {
        "userId": "1bG1yrA",
        "visitCounts": 1
    },
    {
        "userId": "K6SdP7u",
        "visitCounts": 3
    },
    {
        "userId": "ckbPshK",
        "visitCounts": 7
    },
    {
        "userId": "J8EHIeB",
        "visitCounts": 1
    },
    {
        "userId": "VNM8vGE",
        "visitCounts": 1
    },
    {
        "userId": "EUQpvBW",
        "visitCounts": 1
    },
    {
        "userId": "crqLcKb",
        "visitCounts": 4
    },
    {
        "userId": "1sU1Vi1",
        "visitCounts": 1
    },
    {
        "userId": "BroXyU0",
        "visitCounts": 5
    },
    {
        "userId": "oaa94ft",
        "visitCounts": 17
    },
    {
        "userId": "x8de4AM",
        "visitCounts": 15
    },
    {
        "userId": "Z0lEDyn",
        "visitCounts": 16
    },
    {
        "userId": "1ZspbpN",
        "visitCounts": 2
    },
    {
        "userId": "ilQe8NT",
        "visitCounts": 4
    },
    {
        "userId": "2bXeQ7m",
        "visitCounts": 10
    },
    {
        "userId": "s744JSa",
        "visitCounts": 1
    },
    {
        "userId": "Z13pklh",
        "visitCounts": 7
    }
]